<ImportExportXml version="5.0.9690.3403" minimumversion="5.0" languagecode="3082" generatedBy="CrmLive" xmlns:xsi="http://www.w3.org/2001/XMLSchema-instance">
  <SolutionManifest>
    <UniqueName>Agenda</UniqueName>
    <LocalizedNames>
      <LocalizedName description="Agenda" languagecode="3082" />
    </LocalizedNames>
    <Descriptions>
      <Description description="Agenda con drag and drop y consultas rest" languagecode="3082" />
    </Descriptions>
    <Version>1.0.0.0</Version>
    <Managed>0</Managed>
    <Publisher>
      <UniqueName>DefaultPublishercrminnovar</UniqueName>
      <LocalizedNames>
        <LocalizedName description="Editor predeterminado para lonia" languagecode="3082" />
      </LocalizedNames>
      <Descriptions>
        <Description description="Editor predeterminado para esta organización" languagecode="3082" />
      </Descriptions>
      <EMailAddress xsi:nil="true"></EMailAddress>
      <SupportingWebsiteUrl xsi:nil="true"></SupportingWebsiteUrl>
      <CustomizationPrefix>new</CustomizationPrefix>
      <CustomizationOptionValuePrefix>10000</CustomizationOptionValuePrefix>
      <Addresses>
        <Address>
          <AddressNumber>1</AddressNumber>
          <AddressTypeCode xsi:nil="true"></AddressTypeCode>
          <City xsi:nil="true"></City>
          <County xsi:nil="true"></County>
          <Country xsi:nil="true"></Country>
          <Fax xsi:nil="true"></Fax>
          <FreightTermsCode xsi:nil="true"></FreightTermsCode>
          <ImportSequenceNumber xsi:nil="true"></ImportSequenceNumber>
          <Latitude xsi:nil="true"></Latitude>
          <Line1 xsi:nil="true"></Line1>
          <Line2 xsi:nil="true"></Line2>
          <Line3 xsi:nil="true"></Line3>
          <Longitude xsi:nil="true"></Longitude>
          <Name xsi:nil="true"></Name>
          <PostalCode xsi:nil="true"></PostalCode>
          <PostOfficeBox xsi:nil="true"></PostOfficeBox>
          <PrimaryContactName xsi:nil="true"></PrimaryContactName>
          <ShippingMethodCode xsi:nil="true"></ShippingMethodCode>
          <StateOrProvince xsi:nil="true"></StateOrProvince>
          <Telephone1 xsi:nil="true"></Telephone1>
          <Telephone2 xsi:nil="true"></Telephone2>
          <Telephone3 xsi:nil="true"></Telephone3>
          <TimeZoneRuleVersionNumber xsi:nil="true"></TimeZoneRuleVersionNumber>
          <UPSZone xsi:nil="true"></UPSZone>
          <UTCOffset xsi:nil="true"></UTCOffset>
          <UTCConversionTimeZoneCode xsi:nil="true"></UTCConversionTimeZoneCode>
        </Address>
        <Address>
          <AddressNumber>2</AddressNumber>
          <AddressTypeCode xsi:nil="true"></AddressTypeCode>
          <City xsi:nil="true"></City>
          <County xsi:nil="true"></County>
          <Country xsi:nil="true"></Country>
          <Fax xsi:nil="true"></Fax>
          <FreightTermsCode xsi:nil="true"></FreightTermsCode>
          <ImportSequenceNumber xsi:nil="true"></ImportSequenceNumber>
          <Latitude xsi:nil="true"></Latitude>
          <Line1 xsi:nil="true"></Line1>
          <Line2 xsi:nil="true"></Line2>
          <Line3 xsi:nil="true"></Line3>
          <Longitude xsi:nil="true"></Longitude>
          <Name xsi:nil="true"></Name>
          <PostalCode xsi:nil="true"></PostalCode>
          <PostOfficeBox xsi:nil="true"></PostOfficeBox>
          <PrimaryContactName xsi:nil="true"></PrimaryContactName>
          <ShippingMethodCode xsi:nil="true"></ShippingMethodCode>
          <StateOrProvince xsi:nil="true"></StateOrProvince>
          <Telephone1 xsi:nil="true"></Telephone1>
          <Telephone2 xsi:nil="true"></Telephone2>
          <Telephone3 xsi:nil="true"></Telephone3>
          <TimeZoneRuleVersionNumber xsi:nil="true"></TimeZoneRuleVersionNumber>
          <UPSZone xsi:nil="true"></UPSZone>
          <UTCOffset xsi:nil="true"></UTCOffset>
          <UTCConversionTimeZoneCode xsi:nil="true"></UTCConversionTimeZoneCode>
        </Address>
      </Addresses>
    </Publisher>
    <RootComponents>
      <RootComponent type="1" schemaName="new_crmmessage" />
      <RootComponent type="1" schemaName="new_facebook" />
      <RootComponent type="1" schemaName="new_google" />
      <RootComponent type="1" schemaName="new_linkedin" />
      <RootComponent type="1" schemaName="new_twitter" />
      <RootComponent type="61" schemaName="msdyn_/Images/Wall_16.png" />
      <RootComponent type="61" schemaName="msdyn_/PersonalWall.htm" />
      <RootComponent type="61" schemaName="new_CSS_Estilos" />
      <RootComponent type="61" schemaName="new_CSS_JQueryUI1.9.0" />
      <RootComponent type="61" schemaName="new_facebookIcon16x16" />
      <RootComponent type="61" schemaName="new_facebookIcon32x32" />
      <RootComponent type="61" schemaName="new_GIF_Abajo" />
      <RootComponent type="61" schemaName="new_GIF_CalendarioDia" />
      <RootComponent type="61" schemaName="new_GIF_CalendarioIcono" />
      <RootComponent type="61" schemaName="new_GIF_CalendarioMes" />
      <RootComponent type="61" schemaName="new_GIF_CalendarioSemana" />
      <RootComponent type="61" schemaName="new_GIF_Check" />
      <RootComponent type="61" schemaName="new_GIF_Derecha" />
      <RootComponent type="61" schemaName="new_googleplus16x16" />
      <RootComponent type="61" schemaName="new_googleplus32x32" />
      <RootComponent type="61" schemaName="new_HTML_Agenda" />
      <RootComponent type="61" schemaName="new_JS_Agenda" />
      <RootComponent type="61" schemaName="new_JS_FormatoActividades" />
      <RootComponent type="61" schemaName="new_JS_FormatoFechas" />
      <RootComponent type="61" schemaName="new_JS_JQuery1.8.3" />
      <RootComponent type="61" schemaName="new_JS_JQueryUI" />
      <RootComponent type="61" schemaName="new_JS_json2" />
      <RootComponent type="61" schemaName="new_JS_sdk.rest" />
      <RootComponent type="61" schemaName="new_linkedin16x16" />
      <RootComponent type="61" schemaName="new_linkedin32x32" />
      <RootComponent type="61" schemaName="new_messageicon" />
      <RootComponent type="61" schemaName="new_messageicon16x16" />
      <RootComponent type="61" schemaName="new_PNG_Adelante" />
      <RootComponent type="61" schemaName="new_PNG_AdelanteBlock" />
      <RootComponent type="61" schemaName="new_PNG_AdelanteDesHabilitadoDP" />
      <RootComponent type="61" schemaName="new_PNG_AdelanteHabilitadoDP" />
      <RootComponent type="61" schemaName="new_PNG_Atras" />
      <RootComponent type="61" schemaName="new_PNG_AtrasBlock" />
      <RootComponent type="61" schemaName="new_PNG_AtrasDesHabilitadoDP" />
      <RootComponent type="61" schemaName="new_PNG_AtrasHabilitadoDP" />
      <RootComponent type="61" schemaName="new_PNG_BotonDesHabilitado" />
      <RootComponent type="61" schemaName="new_PNG_BotonHabilitado" />
      <RootComponent type="61" schemaName="new_PNG_BuscarDesHabilitado" />
      <RootComponent type="61" schemaName="new_PNG_BuscarDisabled" />
      <RootComponent type="61" schemaName="new_PNG_BuscarHabilitado" />
      <RootComponent type="61" schemaName="new_PNG_CalendarioLaboral" />
      <RootComponent type="61" schemaName="new_PNG_FondoLink" />
      <RootComponent type="61" schemaName="new_PNG_FondoOpciones" />
      <RootComponent type="61" schemaName="new_PNG_PrimerPagina" />
      <RootComponent type="61" schemaName="new_PNG_PrimerPaginaBlock" />
      <RootComponent type="61" schemaName="new_PNG_UltimaPagina" />
      <RootComponent type="61" schemaName="new_PNG_UltimaPaginaBlock" />
      <RootComponent type="61" schemaName="new_PruebaFacebook" />
      <RootComponent type="61" schemaName="new_twittericon16x16" />
      <RootComponent type="61" schemaName="new_twittericon32x32" />
    </RootComponents>
    <MissingDependencies>
      <MissingDependency>
        <Required key="0" type="61" schemaName="msdyn_/Images/Wall_16.png" displayName="msdyn_/Images/Wall_16.png" solution="ActivityFeedsCore (1.0.5.3339)" />
        <Dependent key="0" type="61" schemaName="msdyn_/Images/Wall_16.png" displayName="msdyn_/Images/Wall_16.png" />
      </MissingDependency>
      <MissingDependency>
        <Required key="1" type="61" schemaName="msdyn_/PersonalWall.htm" displayName="msdyn_/PersonalWall.htm" solution="ActivityFeedsCore (1.0.5.3339)" />
        <Dependent key="1" type="61" schemaName="msdyn_/PersonalWall.htm" displayName="msdyn_/PersonalWall.htm" />
      </MissingDependency>
    </MissingDependencies>
  </SolutionManifest>
</ImportExportXml>